ID_REF	AA	AB	BB	n	H_exp	H_obs
SNP_A-1780286	18	166	18	202	0.500000	0.821782
SNP_A-1780304	3	167	41	211	0.483783	0.791469
SNP_A-1780311	25	191	1	217	0.493884	0.880184
